"","ApproximateTitle","Year","TexttoParse","Coder"
"693","Infections and Risk of Celiac Disease in Childhood: A Prospective Nationwide Cohort Study.",2015,"Marild, K., C. R. Kahrs, G. Tapia, L. C. Stene and K. Stordal (2015). ""Infections and Risk of Celiac Disease in Childhood: A Prospective Nationwide Cohort Study."" Am J Gastroenterol 110(10): 1475-1484.","Julien"
"868","Exposure to Tobacco Smoke in Utero and Subsequent Plasma Lipids, ApoB, and CRP among Adult Women in the MoBa Cohort.",2012,"Cupul-Uicab, L. A., R. Skjaerven, K. Haug, G. S. Travlos, R. E. Wilson, M. Eggesbo, J. A. Hoppin, K. W. Whitworth and M. P. Longnecker (2012). ""Exposure to Tobacco Smoke in Utero and Subsequent Plasma Lipids, ApoB, and CRP among Adult Women in the MoBa Cohort."" Environmental Health Perspectives 120(11): 1532-1537.","Tamara"
"1004","Methodological challenges when monitoring the diet of pregnant women in a large study: experiences from the Norwegian Mother and Child Cohort Study (MoBa).",2008,"Meltzer, H. M., A. L. Brantsaeter, T. A. Ydersbond, J. Alexander, M. Haugen and G. MoBa Dietary Support (2008). ""Methodological challenges when monitoring the diet of pregnant women in a large study: experiences from the Norwegian Mother and Child Cohort Study (MoBa)."" Maternal and Child Nutrition 4(1): 14-27.","Ivana"
"391","Prenatal exposure to perfluoroalkyl substances and associations with symptoms of attention-deficit/hyperactivity disorder and cognitive functions in preschool children.",2019,"Skogheim, T. S., G. D. Villanger, K. V. F. Weyde, S. M. Engel, P. Suren, M. G. Oie, A. H. Skogan, G. Biele, P. Zeiner, K. R. Overgaard, L. S. Haug, A. Sabaredzovic and H. Aase (2019). ""Prenatal exposure to perfluoroalkyl substances and associations with symptoms of attention-deficit/hyperactivity disorder and cognitive functions in preschool children."" International Journal of Hygiene & Environmental Health 22: 22.","Agata"
"309","Response to: Modelling paternal exposure as a negative control.",2020,"Wood, M. E., J. M. Cohen, E. Ystrom, H. M. E. Nordeng and S. Hernandez-Diaz (2020). ""Response to: Modelling paternal exposure as a negative control."" International Journal of Epidemiology 49(3): 1054-1055.","Max"
"784","Communication Impairments in Early Term and Late Preterm Children: A Prospective Cohort Study following Children to Age 36 Months.",2014,"Stene-Larsen, K., R. E. Brandlistuen, A. M. Lang, M. A. Landolt, B. Latal and M. E. Vollrath (2014). ""Communication Impairments in Early Term and Late Preterm Children: A Prospective Cohort Study following Children to Age 36 Months."" Journal of Pediatrics 165(6): 1123-1128.","Timo"
"331","Maternal reproductive hormones and angiogenic factors in pregnancy and subsequent breast cancer risk.",2019,"Cornish, R., A. C. Staff, A. Boyd, D. A. Lawlor, S. Tretli, G. Bradwin, T. F. McElrath, M. Hyer, R. N. Hoover and R. Troisi (2019). ""Maternal reproductive hormones and angiogenic factors in pregnancy and subsequent breast cancer risk."" Cancer Causes Control 30(1): 63-74.","Julien"
"583","Genome-wide analysis identifies 12 loci influencing human reproductive behavior.",2016,"Barban, N., R. Jansen, R. de Vlaming, A. Vaez, J. J. Mandemakers, F. C. Tropf, X. Shen, J. F. Wilson, D. I. Chasman, I. M. Nolte, V. Tragante, S. W. van der Laan, J. R. Perry, A. Kong, T. S. Ahluwalia, E. Albrecht, L. Yerges-Armstrong, G. Atzmon, K. Auro, K. Ayers, A. Bakshi, D. Ben-Avraham, K. Berger, A. Bergman, L. Bertram, L. F. Bielak, G. Bjornsdottir, M. J. Bonder, L. Broer, M. Bui, C. Barbieri, A. Cavadino, J. E. Chavarro, C. Turman, M. P. Concas, H. J. Cordell, G. Davies, P. Eibich, N. Eriksson, T. Esko, J. Eriksson, F. Falahi, J. F. Felix, M. A. Fontana, L. Franke, I. Gandin, A. J. Gaskins, C. Gieger, E. P. Gunderson, X. Guo, C. Hayward, C. He, E. Hofer, H. Huang, P. K. Joshi, S. Kanoni, R. Karlsson, S. Kiechl, A. Kifley, A. Kluttig, P. Kraft, V. Lagou, C. Lecoeur, J. Lahti, R. Li-Gao, P. A. Lind, T. Liu, E. Makalic, C. Mamasoula, L. Matteson, H. Mbarek, P. F. McArdle, G. McMahon, S. F. Meddens, E. Mihailov, M. Miller, S. A. Missmer, C. Monnereau, P. J. van der Most, R. Myhre, M. A. Nalls, T. Nutile, I. P. Kalafati, E. Porcu, I. Prokopenko, K. B. Rajan, J. Rich-Edwards, C. A. Rietveld, A. Robino, L. M. Rose, R. Rueedi, K. A. Ryan, Y. Saba, D. Schmidt, J. A. Smith, L. Stolk, E. Streeten, A. Tonjes, G. Thorleifsson, S. Ulivi, J. Wedenoja, J. Wellmann, P. Willeit, J. Yao, L. Yengo, J. H. Zhao, W. Zhao, D. V. Zhernakova, N. Amin, H. Andrews, B. Balkau, N. Barzilai, S. Bergmann, G. Biino, H. Bisgaard, K. Bonnelykke, D. I. Boomsma, J. E. Buring, H. Campbell, S. Cappellani, M. Ciullo, S. R. Cox, F. Cucca, D. Toniolo, G. Davey-Smith, I. J. Deary, G. Dedoussis, P. Deloukas, C. M. van Duijn, E. J. de Geus, J. G. Eriksson, D. A. Evans, J. D. Faul, C. F. Sala, P. Froguel, P. Gasparini, G. Girotto, H. J. Grabe, K. H. Greiser, P. J. Groenen, H. G. de Haan, J. Haerting, T. B. Harris, A. C. Heath, K. Heikkila, A. Hofman, G. Homuth, E. G. Holliday, J. Hopper, E. Hypponen, B. Jacobsson, V. W. Jaddoe, M. Johannesson, A. Jugessur, M. Kahonen, E. Kajantie, S. L. Kardia, B. Keavney, I. Kolcic, P. Koponen, P. Kovacs, F. Kronenberg, Z. Kutalik, M. La Bianca, G. Lachance, W. G. Iacono, S. Lai, T. Lehtimaki, D. C. Liewald, C. M. Lindgren, Y. Liu, R. Luben, M. Lucht, R. Luoto, P. Magnus, P. K. Magnusson, N. G. Martin, M. McGue, R. McQuillan, S. E. Medland, C. Meisinger, D. Mellstrom, A. Metspalu, M. Traglia, L. Milani, P. Mitchell, G. W. Montgomery, D. Mook-Kanamori, R. de Mutsert, E. A. Nohr, C. Ohlsson, J. Olsen, K. K. Ong, L. Paternoster, A. Pattie, B. W. Penninx, M. Perola, P. A. Peyser, M. Pirastu, O. Polasek, C. Power, J. Kaprio, L. J. Raffel, K. Raikkonen, O. Raitakari, P. M. Ridker, S. M. Ring, K. Roll, I. Rudan, D. Ruggiero, D. Rujescu, V. Salomaa, D. Schlessinger, H. Schmidt, R. Schmidt, N. Schupf, J. Smit, R. Sorice, T. D. Spector, J. M. Starr, D. Stockl, K. Strauch, M. Stumvoll, M. A. Swertz, U. Thorsteinsdottir, A. R. Thurik, N. J. Timpson, J. Y. Tung, A. G. Uitterlinden, S. Vaccargiu, J. Viikari, V. Vitart, H. Volzke, P. Vollenweider, D. Vuckovic, J. Waage, G. G. Wagner, J. J. Wang, N. J. Wareham, D. R. Weir, G. Willemsen, J. Willeit, A. F. Wright, K. T. Zondervan, K. Stefansson, R. F. Krueger, J. J. Lee, D. J. Benjamin, D. Cesarini, P. D. Koellinger, M. den Hoed, H. Snieder and M. C. Mills (2016). ""Genome-wide analysis identifies 12 loci influencing human reproductive behavior."" Nat Genet 48(12): 1462-1472.","Tamara"
"714","A novel common variant in DCST2 is associated with length in early life and height in adulthood.",2015,"van der Valk, R. J., E. Kreiner-Moller, M. N. Kooijman, M. Guxens, E. Stergiakouli, A. Saaf, J. P. Bradfield, F. Geller, M. G. Hayes, D. L. Cousminer, A. Korner, E. Thiering, J. A. Curtin, R. Myhre, V. Huikari, R. Joro, M. Kerkhof, N. M. Warrington, N. Pitkanen, I. Ntalla, M. Horikoshi, R. Veijola, R. M. Freathy, Y. Y. Teo, S. J. Barton, D. M. Evans, J. P. Kemp, B. St Pourcain, S. M. Ring, G. Davey Smith, A. Bergstrom, I. Kull, H. Hakonarson, F. D. Mentch, H. Bisgaard, B. Chawes, J. Stokholm, J. Waage, P. Eriksen, A. Sevelsted, M. Melbye, C. M. van Duijn, C. Medina-Gomez, A. Hofman, J. C. de Jongste, H. R. Taal, A. G. Uitterlinden, L. L. Armstrong, J. Eriksson, A. Palotie, M. Bustamante, X. Estivill, J. R. Gonzalez, S. Llop, W. Kiess, A. Mahajan, C. Flexeder, C. M. Tiesler, C. S. Murray, A. Simpson, P. Magnus, V. Sengpiel, A. L. Hartikainen, S. Keinanen-Kiukaanniemi, A. Lewin, A. Da Silva Couto Alves, A. I. Blakemore, J. L. Buxton, M. Kaakinen, A. Rodriguez, S. Sebert, M. Vaarasmaki, T. Lakka, V. Lindi, U. Gehring, D. S. Postma, W. Ang, J. P. Newnham, L. P. Lyytikainen, K. Pahkala, O. T. Raitakari, K. Panoutsopoulou, E. Zeggini, D. I. Boomsma, M. Groen-Blokhuis, J. Ilonen, L. Franke, J. N. Hirschhorn, T. H. Pers, L. Liang, J. Huang, B. Hocher, M. Knip, S. M. Saw, J. W. Holloway, E. Melen, S. F. Grant, B. Feenstra, W. L. Lowe, E. Widen, E. Sergeyev, H. Grallert, A. Custovic, B. Jacobsson, M. R. Jarvelin, M. Atalay, G. H. Koppelman, C. E. Pennell, H. Niinikoski, G. V. Dedoussis, M. I. McCarthy, T. M. Frayling, J. Sunyer, N. J. Timpson, F. Rivadeneira, K. Bonnelykke and V. W. Jaddoe (2015). ""A novel common variant in DCST2 is associated with length in early life and height in adulthood."" Hum Mol Genet 24(4): 1155-1168.","Ivana"
"874","Placental transfer of perfluorinated compounds is selective - A Norwegian Mother and Child sub-cohort study.",2012,"Gutzkow, K. B., L. S. Haug, C. Thomsen, A. Sabaredzovic, G. Becher and G. Brunborg (2012). ""Placental transfer of perfluorinated compounds is selective - A Norwegian Mother and Child sub-cohort study."" International Journal of Hygiene and Environmental Health 215(2): 216-219.","Agata"
"117","Development and description of New Nordic Diet scores across infancy and childhood in the Norwegian Mother, Father and Child Cohort Study (MoBa).",2021,"Agnihotri, N., E. Rudjord Hillesund, E. Bere, A. K. Wills, A. L. Brantsaeter and N. C. Overby (2021). ""Development and description of New Nordic Diet scores across infancy and childhood in the Norwegian Mother, Father and Child Cohort Study (MoBa)."" Maternal and Child Nutrition 17(3).","Max"
"920","Dietary Supplement Use Immediately Before and During Pregnancy in Norwegian Women with Eating Disorders.",2011,"Dellava, J. E., A. Von Holle, L. Torgersen, T. Reichborn-Kjennerud, M. Haugen, H. M. Meltzer and C. M. Bulik (2011). ""Dietary Supplement Use Immediately Before and During Pregnancy in Norwegian Women with Eating Disorders."" International Journal of Eating Disorders 44(4): 325-332.","Timo"
"504","Suboptimal Maternal Iodine Intake Is Associated with Impaired Child Neurodevelopment at 3 Years of Age in the Norwegian Mother and Child Cohort Study.",2017,"Abel, M. H., I. H. Caspersen, H. M. Meltzer, M. Haugen, R. E. Brandlistuen, H. Aase, J. Alexander, L. E. Torheim and A. L. Brantsaeter (2017). ""Suboptimal Maternal Iodine Intake Is Associated with Impaired Child Neurodevelopment at 3 Years of Age in the Norwegian Mother and Child Cohort Study."" J Nutr.","Julien"
"538","Maternal Infections, Antibiotics, and Paracetamol in Pregnancy and Offspring Celiac Disease: A Cohort Study.",2017,"Marild, K., C. R. Kahrs, G. Tapia, L. C. Stene and K. Stordal (2017). ""Maternal Infections, Antibiotics, and Paracetamol in Pregnancy and Offspring Celiac Disease: A Cohort Study."" Journal of Pediatric Gastroenterology and Nutrition 64(5): 730-736.","Tamara"
"334","Within family Mendelian randomization studies.",2019,"Davies, N. M., L. J. Howe, B. Brumpton, A. Havdahl, D. M. Evans and G. D. Smith (2019). ""Within family Mendelian randomization studies."" Human Molecular Genetics 28(R2): R170-R179.","Ivana"
"800","Multiple births and maternal mental health from pregnancy to 5 years after birth: A longitudinal population-based cohort study.",2014,"Ystrom, E., T. Reichborn-Kjennerud, K. Tambs, P. Magnus, A. M. Torgersen and K. Gustavson (2014). ""Multiple births and maternal mental health from pregnancy to 5 years after birth: A longitudinal population-based cohort study."" Norsk Epidemiologi 24(1-2): 203-208.","Agata"
"635","Autism risk associated with parental age and with increasing difference in age between the parents.",2016,"Sandin, S., D. Schendel, P. Magnusson, C. Hultman, P. Suren, E. Susser, T. Gronborg, M. Gissler, N. Gunnes, R. Gross, M. Henning, M. Bresnahan, A. Sourander, M. Hornig, K. Carter, R. Francis, E. Parner, H. Leonard, M. Rosanoff, C. Stoltenberg and A. Reichenberg (2016). ""Autism risk associated with parental age and with increasing difference in age between the parents."" Mol Psychiatry 21(5): 693-700.","Max"
"40","Prenatal work stress is associated with prenatal and postnatal depression and anxiety: Findings from the Norwegian Mother, Father and Child Cohort Study (MoBa).",2022,"Clayborne, Z. M., I. Colman, M. Kingsbury, F. A. Torvik, K. Gustavson and W. Nilsen (2022). ""Prenatal work stress is associated with prenatal and postnatal depression and anxiety: Findings from the Norwegian Mother, Father and Child Cohort Study (MoBa)."" Journal of Affective Disorders 298: 548-554.","Timo"
"592","The influence of maternal dietary exposure to dioxins and PCBs during pregnancy on ADHD symptoms and cognitive functions in Norwegian preschool children.",2016,"Caspersen, I. H., H. Aase, G. Biele, A. L. Brantsaeter, M. Haugen, H. E. Kvalem, A. H. Skogan, P. Zeiner, J. Alexander, H. M. Meltzer and H. K. Knutsen (2016). ""The influence of maternal dietary exposure to dioxins and PCBs during pregnancy on ADHD symptoms and cognitive functions in Norwegian preschool children."" Environ Int 94: 649-660.","Julien"
"778","Self-reported data on medicine use in the Norwegian Mother and Child Cohort Study compared to data from the Norwegian Prescription Database.",2014,"Skurtveit, S. (2014). ""Self-reported data on medicine use in the Norwegian Mother and Child Cohort Study compared to data from the Norwegian Prescription Database."" Norsk epidemiologi(Årg. 24, nr. 1/2): 209-216 : ill.","Tamara"
"206","Maternal dietary selenium intake during pregnancy is associated with higher birth weight and lower risk of small for gestational age births in the norwegian mother, father and child cohort study.",2021,"Sole-Navais, P., A. L. Brantsaeter, I. H. Caspersen, T. Lundh, L. J. Muglia, H. M. Meltzer, G. Zhang, B. Jacobsson, V. Sengpiel and M. Barman (2021). ""Maternal dietary selenium intake during pregnancy is associated with higher birth weight and lower risk of small for gestational age births in the norwegian mother, father and child cohort study."" Nutrients 13(1): 1-16.","Ivana"
"919","Reproducibility of Reported In Utero Exposure to Tobacco Smoke.",2011,"Cupul-Uicab, L. A., X. B. Ye, R. Skjaerven, K. Haug and M. P. Longnecker (2011). ""Reproducibility of Reported In Utero Exposure to Tobacco Smoke."" Annals of Epidemiology 21(1): 48-52.","Agata"
"720","Probiotic milk consumption in pregnancy and infancy and subsequent childhood allergic diseases.",2014,"Bertelsen, R. J., A. L. Brantsaeter, M. C. Magnus, M. Haugen, R. Myhre, B. Jacobsson, M. P. Longnecker, H. M. Meltzer and S. J. London (2014). ""Probiotic milk consumption in pregnancy and infancy and subsequent childhood allergic diseases."" Journal of Allergy and Clinical Immunology 133(1): 165-+.","Max"
"83","Trends of Exposure to Acrylamide as Measured by Urinary Biomarkers Levels within the HBM4EU Biomonitoring Aligned Studies (2000&ndash;2021).",2022,"Poteser, M., F. Laguzzi, T. Schettgen, N. Vogel, T. Weber, A. Murawski, P. Schmidt, M. Rüther, M. Kolossa-Gehring, S. Namorado, A. V. Nieuwenhuyse, B. Appenzeller, E. Dufthaksdóttir, K. Olafsdóttir, L. S. Haug, C. Thomsen, F. Barbone, V. Rosolen, L. Rambaud, M. Riou, T. Göen, S. Nübler, M. Schäfer, K. H. A. Zarrabi, L. Gilles, L. R. Martin, G. Schoeters, O. Sepai, E. Govarts and H. Moshammer (2022). ""Trends of Exposure to Acrylamide as Measured by Urinary Biomarkers Levels within the HBM4EU Biomonitoring Aligned Studies (2000&ndash;2021)."" Toxics 10(8): 443.","Timo"
"130","Association of medically assisted reproduction with offspring cord blood DNA methylation across cohorts.",2021,"Caramaschi, D., J. Jungius, C. M. Page, B. Novakovic, R. Saffery, J. Halliday, S. Lewis, M. C. Magnus, S. J. London, S. E. Haberg, C. L. Relton, D. A. Lawlor and H. R. Elliott (2021). ""Association of medically assisted reproduction with offspring cord blood DNA methylation across cohorts."" Human reproduction 17.","Julien"
"562","Effects of Sample Handling and Analytical Procedures on Thyroid Hormone Concentrations in Pregnant Women's Plasma.",2017,"Villanger, G. D., E. Learner, M. P. Longnecker, H. Ask, H. Aase, R. T. Zoeller, G. P. Knudsen, T. Reichborn-Kjennerud, P. Zeiner and S. M. Engel (2017). ""Effects of Sample Handling and Analytical Procedures on Thyroid Hormone Concentrations in Pregnant Women's Plasma."" Epidemiology 28(3): 365-369.","Tamara"
"775","Folic acid supplementation, dietary folate intake during pregnancy and risk for spontaneous preterm delivery: a prospective observational cohort study.",2014,"Sengpiel, V., J. Bacelis, R. Myhre, S. Myking, A. S. D. Pay, M. Haugen, A. L. Brantsaeter, H. M. Meltzer, R. M. Nilsen, P. Magnus, S. E. Vollset, S. Nilsson and B. Jacobsson (2014). ""Folic acid supplementation, dietary folate intake during pregnancy and risk for spontaneous preterm delivery: a prospective observational cohort study."" Bmc Pregnancy and Childbirth 14.","Ivana"
"402","Early-Life Environmental Exposures and Blood Pressure in Children.",2019,"Warembourg, C., L. Maitre, I. Tamayo-Uria, S. Fossati, T. Roumeliotaki, G. M. Aasvang, S. Andrusaityte, M. Casas, E. Cequier, L. Chatzi, A. Dedele, J.-R. Gonzalez, R. Gražulevičienė, L. S. Haug, C. Hernandez-Ferrer, B. Heude, M. Karachaliou, N. H. Krog, R. McEachan, M. Nieuwenhuijsen, I. Petraviciene, J. Quentin, O. Robinson, A. K. Sakhi, R. Slama, C. Thomsen, J. Urquiza, M. Vafeiadi, J. West, J. Wright, M. Vrijheid and X. Basagaña (2019). ""Early-Life Environmental Exposures and Blood Pressure in Children."" Journal of the American College of Cardiology 74(10): 1317-1328.","Agata"
"967","Infant Birth Size Is Not Associated with Maternal Intake and Status of Folate during the Second Trimester in Norwegian Pregnant Women.",2010,"Nilsen, R. M., S. E. Vollset, A. L. B. Monsen, A. Ulvik, M. Haugen, H. M. Meltzer, P. Magnus and P. M. Ueland (2010). ""Infant Birth Size Is Not Associated with Maternal Intake and Status of Folate during the Second Trimester in Norwegian Pregnant Women."" Journal of Nutrition 140(3): 572-579.","Max"
"779","Prenatal exposure to antidepressants and language competence at age three: results from a large population-based pregnancy cohort in Norway.",2014,"Skurtveit, S., R. Selmer, C. Roth, S. Hernandez-Diaz and M. Handal (2014). ""Prenatal exposure to antidepressants and language competence at age three: results from a large population-based pregnancy cohort in Norway."" Bjog-an International Journal of Obstetrics and Gynaecology 121(13): 1621-1631.","Timo"
"273","Blood-based epigenetic estimators of chronological age in human adults using DNA methylation data from the Illumina MethylationEPIC array.",2020,"Lee, Y., K. L. Haftorn, W. R. P. Denault, H. E. Nustad, C. M. Page, R. Lyle, S. Lee-Odegard, G. H. Moen, R. B. Prasad, L. C. Groop, L. Sletner, C. Sommer, M. C. Magnus, H. K. Gjessing, J. R. Harris, P. Magnus, S. E. Haberg, A. Jugessur and J. Bohlin (2020). ""Blood-based epigenetic estimators of chronological age in human adults using DNA methylation data from the Illumina MethylationEPIC array."" BMC Genomics 21(1).","Julien"
"580","Vitamin d‐binding protein and 25‐hydroxyvitamin d during pregnancy in mothers whose children later developed type 1 diabetes.",2016,"Sørensen, I. M., Joner, G., Jenum, P. A., Eskild, A., Brunborg, C., Torjesen, P. A., and Stene, L. C. (2016). Vitamin d‐binding protein and 25‐hydroxyvitamin d during pregnancy in mothers whose children later developed type 1 diabetes. Diabetes/Metabolism Research and Reviews, 32(8), 883-890. https://doi.org/10.1002/dmrr.2812","Tamara"
"961","Prevalence of breast-feeding in the Norwegian Mother and Child Cohort Study and health service-related correlates of cessation of full breast-feeding.",2010,"Haggkvist, A. P., A. L. Brantsaeter, A. M. Grjibovski, E. Helsing, H. M. Meltzer and M. Haugen (2010). ""Prevalence of breast-feeding in the Norwegian Mother and Child Cohort Study and health service-related correlates of cessation of full breast-feeding."" Public Health Nutrition 13(12): 2076-2086.","Ivana"
"103","Gestational age at birth and body size from infancy through adolescence: findings from analyses of individual data on 253,810 singletons in 16 birth cohort studies.",2022,"Vinther, J. L., T. Cadman, D. Avraam, C. T. Ekstrøm, T. I. A. Sørensen, A. Elhakeem, A. C. Santos, A. P. de Moira, B. Heude, C. Iñiguez, C. Pizzi, E. Simons, E. Voerman, E. Corpeleijn, F. Zariouh, G. Santorelli, H. M. Inskip, H. Barros, J. Carson, J. R. Harris, J. L. Nader, J. Ronkainen, K. Strandberg-Larsen, L. SantaMarina, L. Calas, L. Cederkvist, M. Popovic, M.-A. Charles, M. Welten, M. Vrijheid, M. Azad, P. Subbarao, P. Burton, P. J. Mandhane, R.-C. Huang, R. C. Wilson, S. Haakma, S. Fernández-Barrés, S. Turvey, S. Santos, S. C. Tough, S. Sebert, T. Fenton, T. J. Moraes, T. Salika, V. W. V. Jaddoe, D. A. Lawlor and A.-M. N. Andersen (2022). ""Gestational age at birth and body size from infancy through adolescence: findings from analyses of individual data on 253,810 singletons in 16 birth cohort studies."" medRxiv: 2022.2006.2001.22275859.","Agata"
"949","Family characteristics and caries experience in preschool children. A longitudinal study from pregnancy to 5 years of age.",2011,"Wigen, T. I., I. Espelid, A. B. Skaare and N. J. Wang (2011). ""Family characteristics and caries experience in preschool children. A longitudinal study from pregnancy to 5 years of age."" Community Dentistry and Oral Epidemiology 39(4): 311-317.","Max"
"566","Nocturnal Road Traffic Noise Exposure and Children's Sleep Duration and Sleep Problems.",2017,"Weyde, K. V., N. H. Krog, B. Oftedal, J. Evandt, P. Magnus, S. Overland, C. Clark, S. Stansfeld and G. M. Aasvang (2017). ""Nocturnal Road Traffic Noise Exposure and Children's Sleep Duration and Sleep Problems."" Int J Environ Res Public Health 14(5).","Timo"
"39","How interactions between ADHD and schools affect educational achievement: a family-based genetically sensitive study.",2022,"Cheesman, R., E. M. Eilertsen, Z. Ayorech, N. T. Borgen, O. A. Andreassen, H. Larsson, H. Zachrisson, F. A. Torvik and E. Ystrom (2022). ""How interactions between ADHD and schools affect educational achievement: a family-based genetically sensitive study."" J Child Psychol Psychiatry.","Julien"
"201","Sleep problems and depressive symptoms in toddlers and 8-year-old children: A longitudinal study.",2021,"Sivertsen, B., A. G. Harvey, T. Reichborn-Kjennerud, E. Ystrom and M. Hysing (2021). ""Sleep problems and depressive symptoms in toddlers and 8-year-old children: A longitudinal study."" Journal of Sleep Research 30(1).","Tamara"
"839","Analysis of Self-selection Bias in a Population-based Cohort Study of Autism Spectrum Disorders.",2013,"Nilsen, R. M., P. Suren, N. Gunnes, E. R. Alsaker, M. Bresnahan, D. Hirtz, M. Hornig, K. K. Lie, W. I. Lipkin, T. Reichborn-Kjennerud, C. Roth, S. Schjolberg, G. D. Smith, E. Susser, S. E. Vollset, A. S. Oyen, P. Magnus and C. Stoltenberg (2013). ""Analysis of Self-selection Bias in a Population-based Cohort Study of Autism Spectrum Disorders."" Paediatric and Perinatal Epidemiology 27(6): 553-563.","Ivana"
"843","Psychiatric comorbidity and social aspects in pregnant women with epilepsy - The Norwegian Mother and Child Cohort Study.",2013,"Reiter, S. F., G. Veiby, A. K. Daltveit, B. A. Engelsen and N. E. Gilhus (2013). ""Psychiatric comorbidity and social aspects in pregnant women with epilepsy - The Norwegian Mother and Child Cohort Study."" Epilepsy & Behavior 29(2): 379-385.","Agata"
"1026","Biobanken i Den norske mor og barn undersøkelsen.",2006,"Rønningen, K. S. (2006). ""Biobanken i Den norske mor og barn undersøkelsen."" Norsk epidemiologi(Årg. 16, nr 1): 59-62.","Max"
"718","Assessing the Causal Relationship of Maternal Height on Birth Size and Gestational Age at Birth: A Mendelian Randomization Analysis.",2015,"Zhang, G., J. Bacelis, C. Lengyel, K. Teramo, M. Hallman, O. Helgeland, S. Johansson, R. Myhre, V. Sengpiel, P. R. Njolstad, B. Jacobsson and L. Muglia (2015). ""Assessing the Causal Relationship of Maternal Height on Birth Size and Gestational Age at Birth: A Mendelian Randomization Analysis."" PLoS Med 12(8): e1001865.","Timo"
"365","Gluten Intake in Early Childhood and Risk of Celiac Disease in Childhood: A Nationwide Cohort Study.",2019,"Lund-Blix, N. A. P., K. M. D. P. Marild, G. P. Tapia, J. M. M. D. P. Norris, L. C. P. Stene and K. M. D. P. Stordal (2019). ""Gluten Intake in Early Childhood and Risk of Celiac Disease in Childhood: A Nationwide Cohort Study."" American Journal of Gastroenterology 114(8): 1299-1306.","Julien"
"298","Mechanisms linking parental educational attainment with child ADHD, depression, and academic problems: a study of extended families in The Norwegian Mother, Father and Child Cohort Study.",2020,"Torvik, F. A., E. M. Eilertsen, T. A. McAdams, K. Gustavson, H. D. Zachrisson, R. Brandlistuen, L. C. Gjerde, A. Havdahl, C. Stoltenberg, H. Ask and E. Ystrom (2020). ""Mechanisms linking parental educational attainment with child ADHD, depression, and academic problems: a study of extended families in The Norwegian Mother, Father and Child Cohort Study."" Journal of Child Psychology and Psychiatry.","Tamara"
"676","Perinatal Risk Factors for Development of Celiac Disease in Children, Based on the Prospective Norwegian Mother and Child Cohort Study.",2015,"Emilsson, L., M. C. Magnus and K. Stordal (2015). ""Perinatal Risk Factors for Development of Celiac Disease in Children, Based on the Prospective Norwegian Mother and Child Cohort Study."" Clinical Gastroenterology and Hepatology 13(5): 921-927.","Ivana"
"204","Population prevalence and inheritance pattern of recurrent CNVs associated with neurodevelopmental disorders in 12,252 newborns and their parents.",2021,"Smajlagic, D., K. Lavrichenko, S. Berland, O. Helgeland, G. P. Knudsen, M. Vaudel, J. Haavik, P. M. Knappskog, P. R. Njolstad, G. Houge and S. Johansson (2021). ""Population prevalence and inheritance pattern of recurrent CNVs associated with neurodevelopmental disorders in 12,252 newborns and their parents."" European Journal of Human Genetics 29(1): 205-215.","Agata"
"821","Well-being in mothers of children with congenital heart defects: a 3-year follow-up.",2013,"Gronning Dale, M. T., O. Solberg, H. Holmstrom, M. A. Landolt, L. T. Eskedal and M. E. Vollrath (2013). ""Well-being in mothers of children with congenital heart defects: a 3-year follow-up."" Quality of life research : an international journal of quality of life aspects of treatment, care and rehabilitation 22(8): 2063-2072.","Max"
"356","Physical activity before, during and after pregnancy in women with spondyloarthritis-data from revnatus.",2019,"Jakobsen, B. and H. S. Koksvik (2019). ""Physical activity before, during and after pregnancy in women with spondyloarthritis-data from revnatus."" Annals of the Rheumatic Diseases 78 (Supplement 2): 2142-2143.","Timo"
"922","Why do some pregnant women prefer cesarean? The influence of parity, delivery experiences, and fear.",2011,"Fuglenes, D., E. Aas, G. Botten, P. Oian and I. S. Kristiansen (2011). ""Why do some pregnant women prefer cesarean? The influence of parity, delivery experiences, and fear."" American Journal of Obstetrics and Gynecology 205(1).","Julien"
"259","Does Prenatal Stress Amplify Effects of Postnatal Maternal Depressive and Anxiety Symptoms on Child Problem Behavior?",2020,"Hartman, S., E. M. Eilertsen, E. Ystrom, J. Belsky and L. C. Gjerde (2020). ""Does Prenatal Stress Amplify Effects of Postnatal Maternal Depressive and Anxiety Symptoms on Child Problem Behavior?"" Developmental Psychology 56(1): 128-137.","Tamara"
"195","Maternal seafood intake during pregnancy, prenatal mercury exposure and child body mass index trajectories up to 8 years.",2021,"Papadopoulou, E., J. Botton, I. H. Caspersen, J. Alexander, M. Eggesbo, M. Haugen, N. Iszatt, B. Jacobsson, H. K. Knutsen, H. M. Meltzer, V. Sengpiel, N. Stratakis, K. Vejrup and A. L. Brantsaeter (2021). ""Maternal seafood intake during pregnancy, prenatal mercury exposure and child body mass index trajectories up to 8 years."" Int J Epidemiol.","Ivana"
"86","Socioeconomic disparities in early language development in two norwegian samples.",2022,"Ribeiro, L. A., H. D. Zachrisson, A. Naerde, M. V. Wang, R. E. Brandlistuen and G. Passaretta (2022). ""Socioeconomic disparities in early language development in two norwegian samples."" Applied Developmental Science: No Pagination Specified.","Agata"
"927","Does universally accessible child care protect children from late talking? Results from a Norwegian population-based prospective study.",2011,"Lekhal, R., H. D. Zachrisson, M. V. Wang, S. Schjølberg and T. von Soest (2011). ""Does universally accessible child care protect children from late talking? Results from a Norwegian population-based prospective study."" Early Child Development and Care 181(8): 1007-1019.","Max"
"148","Cannabis Use during Pregnancy and Risk of Adverse Birth Outcomes: A Longitudinal Cohort Study.",2021,"Gabrhelik, R., M. Mahic, I. O. Lund, J. Bramness, R. Selmer, E. Skovlund, M. Handal and S. Skurtveit (2021). ""Cannabis Use during Pregnancy and Risk of Adverse Birth Outcomes: A Longitudinal Cohort Study."" European Addiction Research 27(2): 131-141.","Timo"
"646","Neurodevelopmental problems at 18 months among children exposed to paracetamol in utero: a propensity score matched cohort study.",2016,"Vlenterie, R., M. E. Wood, R. E. Brandlistuen, N. Roeleveld, M. M. van Gelder and H. Nordeng (2016). ""Neurodevelopmental problems at 18 months among children exposed to paracetamol in utero: a propensity score matched cohort study."" Int J Epidemiol.","Julien"
"964","Childhood abuse and caesarean section among primiparous women in the Norwegian Mother and Child Cohort Study.",2010,"Lukasse, M., S. Vangen, P. Oian and B. Schei (2010). ""Childhood abuse and caesarean section among primiparous women in the Norwegian Mother and Child Cohort Study."" Bjog-an International Journal of Obstetrics and Gynaecology 117(9): 1153-1157.","Tamara"
"551","Complex patterns of concomitant medication use: A study among Norwegian women using paracetamol during pregnancy.",2017,"Salvatore, S., D. Domanska, M. Wood, H. Nordeng and G. K. Sandve (2017). ""Complex patterns of concomitant medication use: A study among Norwegian women using paracetamol during pregnancy."" PLoS ONE 12 (12) ","Ivana"
"226","Parental education and the risk of cerebral palsy for children: an evaluation of causality.",2020,"Forthun, I., Lie, R. T., Strandberg‐Larsen, K., Solheim, M. H., Moster, D., Wilcox, A. J., Mortensen, L. H., and Tollånes, M. C. (2020). Parental education and the risk of cerebral palsy for children: an evaluation of causality. Developmental Medicine & Child Neurology, 62(10), 1176-1181. https://doi.org/10.1111/dmcn.14552","Agata"
"120","No association between maternal exercise during pregnancy and the child's weight status at age 7 years; The MoBa Study.",2021,"Andreassen, S. M., U. Ekelund and G. P. Bernhardsen (2021). ""No association between maternal exercise during pregnancy and the child's weight status at age 7 years; The MoBa Study."" Scandinavian Journal of Medicine & Science in Sports 06: 06.","Max"
"684","Maternal heavy alcohol use and toddler behavior problems: a fixed effects regression analysis.",2015,"Knudsen, A. K., E. Ystrom, J. C. Skogen and L. Torgersen (2015). ""Maternal heavy alcohol use and toddler behavior problems: a fixed effects regression analysis."" European Child & Adolescent Psychiatry 24(10): 1269-1277.","Timo"
